step,critic_loss,actor_loss
1000,1.0418237,4.8260403
2000,1.2630688,12.429256
3000,1.9313179,19.177261
4000,1.9329909,24.405571
5000,1.3172249,28.559816
