step,critic_loss,actor_loss
1000,0.92262346,4.6573205
2000,0.7504142,12.009179
3000,0.6841107,18.69374
4000,0.47740838,24.455704
5000,0.40510425,29.381985
