step,critic_loss,actor_loss
1000,0.9034197,4.7462444
2000,0.76587903,12.090882
3000,0.66435,18.716984
4000,0.4512367,24.460318
5000,0.39168572,29.446217
