step,critic_loss,actor_loss
1000,1.1458516,4.4960175
2000,1.1557014,11.529886
3000,1.876842,17.662918
4000,1.8772256,22.600054
5000,1.5119596,26.52284
