{
    "scenario": "BS1_right_BS2_loiter_BS3_left",
    "model": "sac_offline",
    "mean_reward": -12.638719916704831,
    "std_reward": 3.534610435689967,
    "mean_throughput": 52055339.5093631,
    "std_throughput": 1054638.9596325338,
    "mean_load_balance": -0.12638719916704835,
    "std_load_balance": 0.035346104356899666
}