step,critic_loss,actor_loss
1000,0.47054657,3.6101577
2000,0.42392904,9.861094
3000,0.5400759,15.91866
4000,0.53254974,21.520718
5000,0.50130355,26.67976
