{
    "scenario": "BS1_right_BS2_loiter_BS3_left",
    "model": "random",
    "mean_reward": -18.053027777292296,
    "std_reward": 3.24821882502673,
    "mean_throughput": 52979528.305821955,
    "std_throughput": 718022.6621475532,
    "mean_load_balance": -0.1805302777729229,
    "std_load_balance": 0.032482188250267295
}