step,critic_loss,actor_loss
1000,0.83369595,3.9714434
2000,0.7088594,10.431959
3000,0.7143637,16.364767
4000,0.54660547,21.487146
5000,0.46409366,25.931461
