step,critic_loss,actor_loss
1000,0.70840585,3.1212327
2000,0.56777763,8.000296
3000,0.66117334,12.506575
4000,0.63832873,16.630669
5000,0.5765439,20.41827
