step,critic_loss,actor_loss
1000,0.93931824,3.5177197
2000,1.1981599,9.236764
3000,2.1011372,14.328142
4000,2.188136,18.20123
5000,1.927343,21.114616
