step,critic_loss,actor_loss
1000,0.93312615,4.35396
2000,0.7417705,11.176533
3000,0.71241844,17.04727
4000,0.5248911,21.973358
5000,0.44142282,26.186815
