step,critic_loss,actor_loss
1000,1.1537863,4.546996
2000,1.1529605,11.62648
3000,1.793043,17.764307
4000,1.9028742,22.721949
5000,1.6164267,26.573406
