step,critic_loss,actor_loss
1000,1.0157573,4.283367
2000,1.2358216,11.23489
3000,2.0194366,17.296738
4000,1.9931744,22.140545
5000,1.5147551,25.816948
