step,critic_loss,actor_loss
1000,0.93156797,4.2584553
2000,0.70825064,11.012544
3000,0.68934375,16.90419
4000,0.53821546,21.87429
5000,0.4481839,26.065586
