step,critic_loss,actor_loss
1000,0.9541724,4.7747364
2000,0.75096905,12.282715
3000,0.6942182,18.999779
4000,0.49552986,24.692863
5000,0.41101572,29.542257
