step,critic_loss,actor_loss
1000,0.64842695,0.013807839
2000,0.62325716,0.5467261
3000,1.0465015,1.0771064
4000,1.3792633,1.4336921
5000,1.2414436,1.4651321
