step,critic_loss,actor_loss
1000,0.9116473,5.0329766
2000,0.75929934,12.781622
3000,0.6318838,19.780102
4000,0.4379135,25.875061
5000,0.3694663,31.033768
