step,critic_loss,actor_loss
1000,0.70228446,2.623375
2000,0.56697863,6.964955
3000,0.6615446,11.222953
4000,0.64142466,15.164889
5000,0.54143465,18.678913
