step,critic_loss,actor_loss
1000,1.0382092,4.3858514
2000,1.2129592,11.310993
3000,1.9750009,17.458376
4000,1.8831091,22.259937
5000,1.3737916,25.911259
