step,critic_loss,actor_loss
1000,1.0164735,4.476527
2000,1.2041514,11.574323
3000,1.8411839,17.681635
4000,1.5910835,22.521818
5000,1.2176051,26.251137
