step,critic_loss,actor_loss
1000,1.012019,4.369804
2000,1.2202345,11.333455
3000,1.8981785,17.373053
4000,1.6519507,22.143671
5000,1.2509274,25.811317
