step,critic_loss,actor_loss
1000,1.130037,4.538842
2000,1.1596165,11.611205
3000,1.861334,17.81367
4000,1.8062288,22.639412
5000,1.5431353,26.500956
