{
    "scenario": "BS1_right_BS3_left",
    "model": "sac_online",
    "mean_reward": -11.673743838786269,
    "std_reward": 2.240763453803537,
    "mean_throughput": 51883679.5317662,
    "std_throughput": 567331.1244209494,
    "mean_load_balance": -0.1167374383878627,
    "std_load_balance": 0.022407634538035345
}