step,critic_loss,actor_loss
1000,1.0872734,4.571658
2000,1.192517,11.839453
3000,1.7538294,17.991152
4000,1.5854759,22.881979
5000,1.227293,26.805199
