{
    "scenario": "BS1_right_BS3_left",
    "model": "sac_offline",
    "mean_reward": -20.24463297558696,
    "std_reward": 7.584307149470637,
    "mean_throughput": 37599282.881605744,
    "std_throughput": 3550109.705358816,
    "mean_load_balance": -0.20244632975586957,
    "std_load_balance": 0.07584307149470633
}