step,critic_loss,actor_loss
1000,0.78083545,1.0203902
2000,0.7291618,2.9784026
3000,1.1026171,4.712341
4000,1.3327239,6.1199856
5000,1.1319845,7.111549
