{
    "scenario": "BS1_right_BS3_left",
    "model": "ppo_online",
    "mean_reward": -11.223562715856792,
    "std_reward": 2.9287034499281153,
    "mean_throughput": 52333970.22125171,
    "std_throughput": 1061862.815311179,
    "mean_load_balance": -0.11223562715856791,
    "std_load_balance": 0.029287034499281148
}