step,critic_loss,actor_loss
1000,0.54377186,2.795617
2000,0.4734578,7.53496
3000,0.6352201,11.996259
4000,0.585037,16.07298
5000,0.49870795,19.780241
