{
    "scenario": "BS1_right_BS2_right_BS3_left",
    "model": "sac_online",
    "mean_reward": -7.695204938927924,
    "std_reward": 0.5616645814402706,
    "mean_throughput": 51456874.20634583,
    "std_throughput": 285299.32395527035,
    "mean_load_balance": -0.07695204938927921,
    "std_load_balance": 0.005616645814402723
}