step,critic_loss,actor_loss
1000,0.9389307,3.4409778
2000,1.1913518,9.159266
3000,2.150836,14.270139
4000,2.4797125,18.277227
5000,2.1391625,21.358274
