step,critic_loss,actor_loss
1000,0.8887992,4.6708612
2000,0.73304737,12.085262
3000,0.6712177,18.749214
4000,0.46570683,24.49048
5000,0.40621197,29.466629
