step,critic_loss,actor_loss
1000,0.7789443,1.3077085
2000,0.7319632,3.56236
3000,1.155341,5.5883746
4000,1.3254708,7.3212085
5000,1.4898458,8.612138
