step,critic_loss,actor_loss
1000,0.97873396,4.0832047
2000,1.3658278,10.689777
3000,2.3349843,16.53255
4000,2.4565866,21.053148
5000,1.9669436,24.688503
