step,critic_loss,actor_loss
1000,0.6495179,1.1215241
2000,0.63720876,3.0312464
3000,1.0505993,4.942131
4000,1.3289268,6.6499395
5000,1.1565971,7.9942575
