step,critic_loss,actor_loss
1000,0.9180389,3.9532714
2000,0.80320877,10.274512
3000,0.7787401,16.04367
4000,0.5755809,21.014124
5000,0.47106916,25.265375
