{
    "scenario": "BS1_right_BS3_left",
    "model": "sac_offline",
    "mean_reward": -23.735303482106218,
    "std_reward": 3.316003042755341,
    "mean_throughput": 53831152.959438644,
    "std_throughput": 2064075.7984330656,
    "mean_load_balance": -0.23735303482106213,
    "std_load_balance": 0.03316003042755335
}