step,critic_loss,actor_loss
1000,0.52998376,3.5057154
2000,0.44664335,9.290233
3000,0.5692162,14.799963
4000,0.57160145,19.86881
5000,0.5088013,24.4643
