{
    "scenario": "BS1_right_BS2_loiter_BS3_left",
    "model": "sac_offline",
    "mean_reward": -15.491546449831688,
    "std_reward": 10.506246240033311,
    "mean_throughput": 41572146.021305576,
    "std_throughput": 4278766.966934281,
    "mean_load_balance": -0.15491546449831686,
    "std_load_balance": 0.10506246240033307
}