step,critic_loss,actor_loss
1000,0.98524344,4.169466
2000,1.3578906,10.8336735
3000,2.3653233,16.748938
4000,2.648166,21.600931
5000,2.154876,25.370275
