step,critic_loss,actor_loss
1000,0.9073081,4.015461
2000,0.83213735,10.332186
3000,0.78980094,16.069838
4000,0.5471443,20.973051
5000,0.45528138,25.228642
