step,critic_loss,actor_loss
1000,0.94168556,4.76911
2000,0.7517213,12.307703
3000,0.6794489,18.961033
4000,0.46763232,24.64463
5000,0.3960813,29.588781
