step,critic_loss,actor_loss
1000,0.8428512,4.0707026
2000,0.7366721,10.528658
3000,0.71770424,16.413486
4000,0.5188026,21.485777
5000,0.43527398,25.906921
