step,critic_loss,actor_loss
1000,0.83366174,2.2464757
2000,0.78855115,5.9859295
3000,1.1601355,9.514541
4000,1.3648081,12.567746
5000,1.3676327,15.303098
