step,critic_loss,actor_loss
1000,0.88647723,4.781692
2000,0.74466944,12.179522
3000,0.6615993,18.83657
4000,0.4472749,24.628078
5000,0.3847368,29.655607
