step,critic_loss,actor_loss
1000,0.94092554,4.8715496
2000,0.7699482,12.408748
3000,0.69587666,19.13233
4000,0.47706968,24.934113
5000,0.3976179,29.926666
