step,critic_loss,actor_loss
1000,1.0290964,4.833648
2000,1.2264326,12.416831
3000,1.8357747,19.130054
4000,1.5348374,24.369284
5000,1.1056216,28.403603
