step,critic_loss,actor_loss
1000,0.60823965,2.7072175
2000,0.5060035,7.2176585
3000,0.64335716,11.605493
4000,0.56588835,15.690332
5000,0.48509175,19.453365
