step,critic_loss,actor_loss
1000,1.0353405,4.7926903
2000,1.2405628,12.3932295
3000,1.9232078,19.020546
4000,1.6991035,24.339867
5000,1.2718974,28.558777
