step,critic_loss,actor_loss
1000,1.0237815,4.4168572
2000,1.221211,11.483535
3000,1.8647366,17.547571
4000,1.7035205,22.349483
5000,1.3054544,26.189081
