step,critic_loss,actor_loss
1000,0.6684186,3.2585166
2000,0.5351876,8.554951
3000,0.6334829,13.704962
4000,0.63094056,18.56137
5000,0.61108214,22.9527
