step,critic_loss,actor_loss
1000,1.079789,4.6401043
2000,1.1828321,11.942286
3000,1.7162163,18.153316
4000,1.4311122,23.037941
5000,1.1289365,26.874632
