step,critic_loss,actor_loss
1000,0.62127167,0.9981135
2000,0.6261727,2.82475
3000,1.0157133,4.4167767
4000,1.2396224,5.4752812
5000,1.1964949,6.188083
