step,critic_loss,actor_loss
1000,1.1031331,4.6266274
2000,1.1795076,11.883973
3000,1.7931111,18.180414
4000,1.6830359,23.070671
5000,1.3012269,26.899534
