step,critic_loss,actor_loss
1000,0.9584018,3.5356953
2000,1.192172,9.261288
3000,2.0170982,14.359461
4000,2.2765923,18.48091
5000,1.9651741,21.465624
