step,critic_loss,actor_loss
1000,0.67206454,3.4230785
2000,0.55057967,9.005924
3000,0.74055034,14.395402
4000,0.7168397,19.470533
5000,0.67746687,24.188866
