step,critic_loss,actor_loss
1000,0.9684517,4.1379933
2000,1.3948162,10.828621
3000,2.4776504,16.732231
4000,2.492761,21.30833
5000,2.0615287,24.911676
