{
    "scenario": "BS1_right_BS3_left",
    "model": "mopo",
    "mean_reward": -23.114688274360592,
    "std_reward": 3.6799961587846948,
    "mean_load_balance": -0.23114688274360592,
    "std_load_balance": 0.03679996158784702,
    "mean_throughput": 0.0,
    "std_throughput": 0.0
}