{
    "scenario": "BS1_right_BS2_right_BS3_left",
    "model": "mopo",
    "mean_reward": -11.317383563241327,
    "std_reward": 6.381834443860658,
    "mean_load_balance": -0.11317383563241327,
    "std_load_balance": 0.06381834443860658,
    "mean_throughput": 0.0,
    "std_throughput": 0.0
}