{
    "scenario": "BS1_right_BS3_left",
    "model": "random",
    "mean_reward": -20.3252930662764,
    "std_reward": 2.108374152905955,
    "mean_throughput": 51937947.364422746,
    "std_throughput": 517425.3941743242,
    "mean_load_balance": -0.203252930662764,
    "std_load_balance": 0.021083741529059556
}