step,critic_loss,actor_loss
1000,0.90769374,4.6533046
2000,0.75624067,12.007035
3000,0.6763981,18.57629
4000,0.45476106,24.238668
5000,0.39086887,29.187998
