step,critic_loss,actor_loss
1000,0.66401017,2.5264134
2000,0.5177045,6.5806465
3000,0.61121523,10.488721
4000,0.593932,13.995773
5000,0.5148375,17.216984
