step,critic_loss,actor_loss
1000,0.905909,4.7034407
2000,0.7286708,12.101291
3000,0.68045974,18.820675
4000,0.48984256,24.640722
5000,0.41188994,29.65631
