{
    "scenario": "BS1_right_BS2_loiter_BS3_left",
    "model": "random",
    "mean_reward": -20.229056863572573,
    "std_reward": 8.212968388966395,
    "mean_throughput": 39605110.21437322,
    "std_throughput": 3416211.0796430614,
    "mean_load_balance": -0.2022905686357257,
    "std_load_balance": 0.0821296838896639
}