step,critic_loss,actor_loss
1000,0.6111849,-0.53559315
2000,0.6129855,-0.47290143
3000,0.98973435,-0.37411267
4000,1.2231344,-0.51370376
5000,1.2084267,-0.735542
