{
    "scenario": "BS1_right_BS3_left",
    "model": "sac_offline",
    "mean_reward": -15.832920118055792,
    "std_reward": 3.8693226223491295,
    "mean_throughput": 51589751.19853593,
    "std_throughput": 560111.576703295,
    "mean_load_balance": -0.15832920118055793,
    "std_load_balance": 0.03869322622349129
}