step,critic_loss,actor_loss
1000,0.9308665,4.2589965
2000,0.71955866,11.0639925
3000,0.7009533,16.933104
4000,0.53248125,21.881538
5000,0.45515826,26.1199
