step,critic_loss,actor_loss
1000,0.67584485,2.1784966
2000,0.6082059,5.3834367
3000,1.0279493,8.251111
4000,1.2314548,10.785202
5000,1.40225,12.822672
