step,critic_loss,actor_loss
1000,0.9209222,4.922039
2000,0.73302436,12.653279
3000,0.68327004,19.563662
4000,0.4753227,25.594822
5000,0.38982624,30.782324
