step,critic_loss,actor_loss
1000,1.0475442,4.4972215
2000,1.2203999,11.538978
3000,1.9547551,17.755594
4000,1.9021251,22.623085
5000,1.4423279,26.355324
