step,critic_loss,actor_loss
1000,0.60146976,-0.28599474
2000,0.5753745,-0.2578709
3000,0.9899804,-0.40610543
4000,1.1897697,-0.7272781
5000,1.3155313,-1.4508936
