step,critic_loss,actor_loss
1000,0.8489583,3.9968295
2000,0.70668536,10.415618
3000,0.7002765,16.275194
4000,0.5386965,21.34762
5000,0.44261968,25.717136
