{
    "scenario": "BS1_right_BS2_right_BS3_left",
    "model": "sac_offline",
    "mean_reward": -16.720507421032462,
    "std_reward": 3.995690025138142,
    "mean_throughput": 52756365.23931177,
    "std_throughput": 1353028.294762943,
    "mean_load_balance": -0.16720507421032463,
    "std_load_balance": 0.039956900251381364
}