step,critic_loss,actor_loss
1000,0.9071179,3.9461994
2000,0.7999793,10.276293
3000,0.77269584,16.011103
4000,0.5785428,20.936415
5000,0.47465912,25.239956
