step,critic_loss,actor_loss
1000,0.9339118,4.9375176
2000,0.7426058,12.659426
3000,0.64085716,19.688261
4000,0.45227626,25.638885
5000,0.37868476,30.7997
